{"time_last_update":1783964376,"weights":{"frec":0.7,"rece":0.3},"init_weights":{"frec":0.7,"rece":0.3},"norms":{"rece":{"beta":0.001,"mean":2.2136765654505317,"var":2.437339146436862},"frec":{"beta":0.001,"mean":20785.25176156757,"var":1096.1555455358746}},"score_map":{"wvOaTt1ubmOX":{"frec":2.952384025681375,"rece":0.10522280299421465,"final":2.098235658875227},"66j90OF4qe_Y":{"frec":2.529528565343722,"rece":-0.06519045291752608,"final":1.7511128598653476},"qeZy3DwDkgMj":{"frec":2.3483047966275845,"rece":0.5032400574837763,"final":1.794785374884442},"t2cgBiHDIqFf":{"frec":2.076469143553379,"rece":-0.08200587788263825,"final":1.4289266371225737},"GBhW2r7PSx7R":{"frec":1.8348374519318627,"rece":-0.7776161119878885,"final":1.0511013827559372},"On_6UemJUt5b":{"frec":1.3817780301415197,"rece":-0.5351264902990909,"final":0.8067066740093365},"hSPwyY0goj4C":{"frec":1.230758222878072,"rece":-1.0639186136730312,"final":0.5423551719127411}}}