{"time_last_update":1784047212,"weights":{"thom":1.81,"rece":4.66,"freq":2,"ctr":9.54},"init_weights":{"thom":1.81,"rece":4.66,"freq":2,"ctr":9.54},"norms":{"rece":{"beta":0.001,"mean":2.15258029368825,"var":2.248250262066041},"freq":{"beta":0.001,"mean":654.9214018503473,"var":32895.691379309945},"ctr":{"beta":0.001,"mean":0.0009978536072641525,"var":0.9588496310856056},"thom":{"beta":0.001,"mean":0.0013384407195499094,"var":0.9588496746141421}},"score_map":{"wvOaTt1ubmOX":{"thom":-0.0012645157329546164,"rece":0.7789754145982977,"freq":2.3164269487342346,"ctr":-8.625681166093541e-7,"final":8.262871100596705},"97SN9c1kiugL":{"thom":-0.0013094110195633571,"rece":-0.13323084711459843,"freq":-2.3994865712099003,"ctr":1.5357783841857154e-7,"final":-5.419827424841251},"66j90OF4qe_Y":{"thom":-0.000917312088033622,"rece":-0.06016526978368572,"freq":7.81491946562837,"ctr":-0.000007919249035981437,"final":15.349393224428962},"t2cgBiHDIqFf":{"thom":-0.0006615773380611671,"rece":-0.07726290024351867,"freq":9.084458853165449,"ctr":-0.000007919249035981437,"final":17.8087970415603},"GBhW2r7PSx7R":{"thom":0.0007086182827153489,"rece":-0.7845472389673303,"freq":-3.228765585879806,"ctr":-8.625681166093541e-7,"final":-10.113529534247203},"On_6UemJUt5b":{"thom":-0.0005161994226908053,"rece":-0.5379880261861134,"freq":-1.3179184042521042,"ctr":-8.625681166093541e-7,"final":-5.14286923943133},"hSPwyY0goj4C":{"thom":-0.0009007509054502079,"rece":-1.0756546230325135,"freq":-1.8361951197822681,"ctr":-0.000007919249035981437,"final":-8.685016332531852}}}